{
    "codename": "d_riot",
    "version": "3.10.1",
    "name": "Riot js",
    "description": "Implementation of riotjs http://riotjs.com/",
    "author": {
        "name": "Shopunity",
        "email": "info@shopunity.com",
        "url": "https://shopunity.net/"
    },
    "opencart_version": [
        "2.0.0.0",
        "2.0.1.0",
        "2.0.1.1",
        "2.0.2.0",
        "2.0.3.1",
        "2.1.0.1",
        "2.1.0.2",
        "2.2.0.0",
        "2.3.0.0",
        "2.3.0.1",
        "2.3.0.2",
        "3.0.0.0",
        "3.0.1.1",
        "3.0.1.2",
        "3.0.2.0"
    ],
    "type": "library",
    "license": {
        "type": "free",
        "url": "https://shopunity.net/licenses/free"
    },
    "support": {
        "email": "support@shopunity.com",
        "url": "https://shopunity.net/"
    },
    "files": [
        "system/library/d_shopunity/extension/d_riot.json"
    ],
    "dirs": [
        "admin/view/javascript/d_riot",
        "catalog/view/javascript/d_riot"
    ],
    "changelog": [
        {
            "varsion":"3.10.1",
            "change": "Bug Fixes"
        },
        {
            "varsion":"3.9.4",
            "change": "Improve: 100% Coverage!, Fixes"
        },
        {
            "varsion":"3.6.1",
            "change": "New folder structure. Bug fixes."
        },
        {
            "varsion":"3.6.0",
            "change": "1. block the riot automatic updates. bug fixes."
        },
        {
            "varsion":"3.5.0",
            "change": "1. updated riot to the latest version. View change log here http://riotjs.com/release-notes/"
        },
        {
            "varsion":"3.0.7",
            "change": "1. Fix: show, hide and if \r\n 2.Fix: loop sorting issue \r\n 3. Fix: issue using dynamic data-is attributes"
        },
        {
            "varsion":"3.0.5",
            "change": "1. Fix: Internal parent attribute should be protected from external override \r\n 2.Fix: selected on  select - option  doesn’t seem to work right on riot 3 "
        },
        {
            "varsion":"3.0.4",
            "change": "1. Fix: mount and unmount css injection performances \r\n 2.Fix: different scope between show, hide and if \r\n 3. Add: data-src to fetch riot tags avoiding browsers prefetching \r\n 4.Remove: support for SPM riot/2124 \r\n 5.restore the show/hide behavior "
        },
        {
            "varsion":"3.0.2",
            "change": ""
        }
    ]
}
